,Q2_1,Q2_2,Q2_3,Q2_4,Q2_5,Q2_6,Q2_7,Q2_8,Q3,Q5,Q6_1,Q6_2,Q6_3,Q6_4,Q6_5,Q6_6,Q6_6_TEXT,Q7_1,Q7_2,Q7_3,Q7_4,Q7_5,Q7_6,Q7_6_TEXT,Q9,Q10,Q11,Q12,Q13,Q14,Q15,Q16,Q17,Q18,Q19,Q20,Q22,Q23,Q24,Q24_7_TEXT,Q25,Q26,Q26_15_TEXT,Q27_2,Q28,Q29,Q29_4_TEXT,Q30,Q31,Q32_16,Q33,Q33_8_TEXT,Q34,Q34_4_TEXT,Q35,Q36,Q36_5_TEXT,Q37,Q38,Q39,Q40,Q41,Q41_6_TEXT,Q42,Q42_1_TEXT
3,Somewhat agree,Somewhat agree,Somewhat agree,Neither agree nor disagree,Neither agree nor disagree,Somewhat agree,Somewhat agree,Somewhat agree,,Somewhat welcome,Adds somewhat to my feeling included,Adds a lot to my feeling included,Adds somewhat to my feeling included,Adds somewhat to my feeling included,Adds somewhat to my feeling included,,,Somewhat adds to me feeling excluded,Somewhat adds to me feeling excluded,Somewhat adds to me feeling excluded,Does not add to my feeling excluded,Does not add to my feeling excluded,,,No,,,No,,,No,,,No,,,A department outside the College of Science and Engineering,No,I’m more passionate about a different subject,,,,,,,,,,,19,Hispanic or Latino,,Female,,No,Heterosexual/Straight,,No,No,No,No,"Significant anxiety or depression,A mental health condition",,No,
4,Neither agree nor disagree,Somewhat agree,Strongly agree,Somewhat agree,Neither agree nor disagree,Strongly agree,Strongly agree,Somewhat agree,,Neither welcome nor excluded,Adds a lot to my feeling included,Adds a lot to my feeling included,Adds a lot to my feeling included,Adds somewhat to my feeling included,Adds somewhat to my feeling included,Adds a lot to my feeling included,contribution to the class,Adds a lot to my feeling excluded,Somewhat adds to me feeling excluded,Somewhat adds to me feeling excluded,Adds a lot to my feeling excluded,Adds a lot to my feeling excluded,Adds a lot to my feeling excluded,lacking trust from others,No,,,No,,,No,,,No,,,Undeclared major,No,I’m more passionate about a different subject,,,,,,,,,,,18,Native Hawaiian or Other Pacific Islander,,Male,,No,Heterosexual/Straight,,No,No,No,No,None of the above,,No,
5,Somewhat agree,Somewhat disagree,Somewhat agree,Strongly agree,Somewhat agree,Strongly agree,Strongly agree,Strongly agree,,Somewhat welcome,Adds a lot to my feeling included,Adds a lot to my feeling included,Adds a lot to my feeling included,Adds somewhat to my feeling included,Adds somewhat to my feeling included,,,Adds a lot to my feeling excluded,Adds a lot to my feeling excluded,Somewhat adds to me feeling excluded,Adds a lot to my feeling excluded,Does not add to my feeling excluded,,,No,,,No,,,No,,,No,,,A department outside the College of Science and Engineering,No,"The courses are too hard,There are more job opportunities in other majors,I’m not sure what math majors do after graduation,I’m more passionate about a different subject",,,,,,,,,,,18,Black or African American,,Female,,No,Homosexual: gay or lesbian,,Yes,No,No,No,Significant anxiety or depression,,"Yes (optionally, specify)",Kenyan
6,Somewhat agree,Somewhat agree,Somewhat agree,Somewhat agree,Somewhat agree,Somewhat agree,Somewhat agree,Somewhat agree,,Somewhat welcome,Adds a lot to my feeling included,Adds a lot to my feeling included,Adds somewhat to my feeling included,Adds somewhat to my feeling included,Adds a lot to my feeling included,Does not add to my feeling included,,Does not add to my feeling excluded,Adds a lot to my feeling excluded,Somewhat adds to me feeling excluded,Does not add to my feeling excluded,Does not add to my feeling excluded,,,No,,,No,,,No,,,No,,,A department outside the College of Science and Engineering,No,"The courses are too hard,There are more job opportunities in other majors,I’m not sure what math majors do after graduation,I’m more passionate about a different subject",,,,,,,,,,,18,"Asian,Native Hawaiian or Other Pacific Islander",,Male,,Prefer not to answer,"I use a term not specified (optionally, specify)",Demisexual,No,No,No,Prefer not to answer,"Significant anxiety or depression,A mental health condition,ADHD,Other (optionally, specify)",,No,
7,Strongly agree,Somewhat agree,Somewhat agree,Somewhat disagree,Somewhat agree,Neither agree nor disagree,Strongly agree,Somewhat agree,,Very included and welcome,Adds somewhat to my feeling included,Adds a lot to my feeling included,Adds somewhat to my feeling included,Does not add to my feeling included,Adds somewhat to my feeling included,,,Does not add to my feeling excluded,Does not add to my feeling excluded,Does not add to my feeling excluded,Does not add to my feeling excluded,Does not add to my feeling excluded,Does not add to my feeling excluded,,No,,,No,,,No,,,No,,,Mathematics,,,,Yes,My interests have changed,,2,No,"Mostly, but not totally",,I don't know,I would prefer more information about both,19,White,,Male,,No,Heterosexual/Straight,,No,No,No,No,ADHD,,No,
8,Somewhat agree,Strongly agree,Strongly agree,Strongly disagree,Neither agree nor disagree,Somewhat agree,Strongly agree,Somewhat agree,,Very included and welcome,Does not add to my feeling included,Adds a lot to my feeling included,Adds a lot to my feeling included,Adds a lot to my feeling included,Adds somewhat to my feeling included,,,Does not add to my feeling excluded,Adds a lot to my feeling excluded,Does not add to my feeling excluded,Does not add to my feeling excluded,Does not add to my feeling excluded,,,No,,,No,,,No,,,No,,,"Computer Science,Mathematics",,,,No,,,2,No,"Yes, almost entirely",,I feel I have good options in industry and academia,I would prefer more information about both,20,White,,Male,,No,Heterosexual/Straight,,No,No,No,No,None of the above,,No,
9,Neither agree nor disagree,Neither agree nor disagree,Neither agree nor disagree,Neither agree nor disagree,Neither agree nor disagree,Neither agree nor disagree,Neither agree nor disagree,Neither agree nor disagree,,Somewhat welcome,Adds somewhat to my feeling included,Adds somewhat to my feeling included,Adds somewhat to my feeling included,Adds somewhat to my feeling included,Adds somewhat to my feeling included,Adds somewhat to my feeling included,,Somewhat adds to me feeling excluded,Somewhat adds to me feeling excluded,Somewhat adds to me feeling excluded,Somewhat adds to me feeling excluded,Somewhat adds to me feeling excluded,Somewhat adds to me feeling excluded,,Rarely,Rarely,,Rarely,Rarely,,No,,,No,,,A department outside the College of Science and Engineering,No,The courses are too hard,,,,,,,,,,,18,Asian,,Male,,No,"Bisexual,Homosexual: gay or lesbian",,No,No,No,No,None of the above,,No,
10,Neither agree nor disagree,Somewhat agree,Neither agree nor disagree,Somewhat disagree,Somewhat agree,Neither agree nor disagree,Strongly agree,Neither agree nor disagree,,Neither welcome nor excluded,Adds somewhat to my feeling included,Adds a lot to my feeling included,Adds somewhat to my feeling included,Does not add to my feeling included,Does not add to my feeling included,,,Somewhat adds to me feeling excluded,Adds a lot to my feeling excluded,Adds a lot to my feeling excluded,Does not add to my feeling excluded,Does not add to my feeling excluded,,,No,,,No,,,No,,,No,,,Mathematics,,,,Yes,"Did not like the subject of major, not what I expected,My interests have changed,Coursework too difficult,Lack of sense of belonging in major,Lack of social belonging in major ",,8,No,Only Somewhat,,I don't feel I have many options at all,I would prefer more information on job opportunities,22,Asian,,Male,,No,Heterosexual/Straight,,No,No,No,No,"Significant anxiety or depression,ADHD",,No,
11,Neither agree nor disagree,Strongly agree,Strongly agree,Somewhat agree,Strongly agree,Strongly agree,Strongly agree,Strongly agree,,Very included and welcome,Adds somewhat to my feeling included,Adds a lot to my feeling included,Adds a lot to my feeling included,Adds somewhat to my feeling included,Adds a lot to my feeling included,,,,,,,,,,No,,,No,,,No,,,No,,,A department outside the College of Science and Engineering,No,I’m more passionate about a different subject,,,,,,,,,,,18,"Asian,Hispanic or Latino,White",,Male,,No,Heterosexual/Straight,,No,No,No,No,None of the above,,Prefer not to answer,
12,Strongly agree,Somewhat agree,Somewhat disagree,Somewhat agree,Strongly agree,Strongly agree,Strongly agree,Strongly agree,,Very included and welcome,Adds a lot to my feeling included,Adds a lot to my feeling included,Adds a lot to my feeling included,Adds somewhat to my feeling included,Adds somewhat to my feeling included,,,Somewhat adds to me feeling excluded,Somewhat adds to me feeling excluded,Does not add to my feeling excluded,Somewhat adds to me feeling excluded,Does not add to my feeling excluded,,,No,,,No,,,No,,,No,,,A department outside the College of Science and Engineering,No,I’m more passionate about a different subject,,,,,,,,,,,18,Asian,,Female,,No,Bisexual,,No,No,No,No,Significant anxiety or depression,,"Yes (optionally, specify)",
13,Neither agree nor disagree,Somewhat disagree,Somewhat agree,Strongly disagree,Somewhat agree,Somewhat disagree,Neither agree nor disagree,Somewhat disagree,Need more resources/options in class for students struggling with mental health issues and can’t make assignments,Somewhat excluded,Does not add to my feeling included,Does not add to my feeling included,Does not add to my feeling included,Does not add to my feeling included,Does not add to my feeling included,,,Somewhat adds to me feeling excluded,Adds a lot to my feeling excluded,Adds a lot to my feeling excluded,Does not add to my feeling excluded,Does not add to my feeling excluded,,,No,,,No,,,No,,,No,,,Mathematics,,,,No,,,2,No,Only Somewhat,,I don't know,I would prefer more information about both,20,White,,Female,,No,Prefer not to answer,,No,No,No,No,"Significant anxiety or depression,A mental health condition",,No,
14,Somewhat disagree,Neither agree nor disagree,Somewhat agree,Strongly agree,Somewhat disagree,Neither agree nor disagree,Somewhat disagree,Neither agree nor disagree,,Somewhat excluded,Adds somewhat to my feeling included,Adds somewhat to my feeling included,Does not add to my feeling included,Adds a lot to my feeling included,Adds somewhat to my feeling included,,,Does not add to my feeling excluded,Does not add to my feeling excluded,Does not add to my feeling excluded,Somewhat adds to me feeling excluded,,,,No,,,No,,,Sometimes,Sometimes,,No,,,Mathematics,,,,No,,,3,Yes,"Mostly, but not totally",,It's not something I have thought about,I would prefer more information on job opportunities,21,White,,Non-binary,,No,"I use a term not specified (optionally, specify)",Queer,No,No,No,No,"Significant anxiety or depression,ADHD,An information processing or learning disability",,No,
15,Somewhat agree,Strongly agree,Strongly agree,Strongly agree,Strongly agree,Somewhat agree,Somewhat disagree,Somewhat agree,,Somewhat welcome,Adds a lot to my feeling included,Adds a lot to my feeling included,Adds a lot to my feeling included,Adds somewhat to my feeling included,Adds somewhat to my feeling included,,,Does not add to my feeling excluded,Somewhat adds to me feeling excluded,Adds a lot to my feeling excluded,Does not add to my feeling excluded,Does not add to my feeling excluded,,,No,,,No,,,No,,,No,,,"Mathematics,A department outside the College of Science and Engineering",,,,No,,,10,No,"Mostly, but not totally",,I don't know,I would prefer more information on job opportunities,22,White,,Male,,No,Heterosexual/Straight,,No,No,No,No,,,No,
16,Somewhat agree,Somewhat agree,Somewhat agree,Neither agree nor disagree,Somewhat agree,Somewhat agree,Somewhat agree,Somewhat agree,,Somewhat welcome,Adds a lot to my feeling included,Adds a lot to my feeling included,,Adds somewhat to my feeling included,Adds somewhat to my feeling included,,,Adds a lot to my feeling excluded,Adds a lot to my feeling excluded,Somewhat adds to me feeling excluded,Does not add to my feeling excluded,Does not add to my feeling excluded,,,No,,,No,,,No,,,No,,,Mathematics,,,,Yes,My interests have changed,,5,No,"Yes, almost entirely",,I feel I have good options in industry and academia,I would prefer more information about both,20,Asian,,Female,,No,Heterosexual/Straight,,No,No,No,No,None of the above,,No,
17,Neither agree nor disagree,Neither agree nor disagree,Neither agree nor disagree,Neither agree nor disagree,Neither agree nor disagree,Neither agree nor disagree,Neither agree nor disagree,Neither agree nor disagree,no,"Do not belong, excluded",Adds somewhat to my feeling included,Adds somewhat to my feeling included,Adds somewhat to my feeling included,Adds somewhat to my feeling included,Adds somewhat to my feeling included,Adds somewhat to my feeling included,,Somewhat adds to me feeling excluded,Somewhat adds to me feeling excluded,Somewhat adds to me feeling excluded,Somewhat adds to me feeling excluded,Somewhat adds to me feeling excluded,Somewhat adds to me feeling excluded,,No,,,No,,,No,,,No,,,Undeclared major,No,The courses are too hard,,,,,,,,,,,18,"Asian,White",,Male,,No,Heterosexual/Straight,,No,No,No,No,None of the above,,No,
18,Somewhat agree,Somewhat agree,Somewhat agree,Somewhat agree,Strongly agree,Somewhat agree,Somewhat agree,Somewhat agree,,Somewhat excluded,Adds somewhat to my feeling included,Adds somewhat to my feeling included,Adds somewhat to my feeling included,Adds somewhat to my feeling included,Adds somewhat to my feeling included,,,Adds a lot to my feeling excluded,Somewhat adds to me feeling excluded,Somewhat adds to me feeling excluded,Adds a lot to my feeling excluded,Adds a lot to my feeling excluded,,,Sometimes,Sometimes,"How on many occasions, male classmates would not take my contributions into account",No,,,No,,,No,,,Mathematics,,,,No,,,6,No,"Mostly, but not totally",,I don't feel I have many options at all,I would prefer more information about both,21,Asian,,Female,,No,Prefer not to answer,,No,No,No,"Significant financially insecurity, where money is a significant stress for me","Significant anxiety or depression,ADHD,An information processing or learning disability",,Prefer not to answer,
19,Strongly agree,Somewhat agree,Somewhat agree,Strongly agree,Somewhat agree,Strongly agree,Strongly agree,Strongly agree,,Very included and welcome,Adds somewhat to my feeling included,Adds a lot to my feeling included,Adds a lot to my feeling included,Does not add to my feeling included,Adds a lot to my feeling included,,,Somewhat adds to me feeling excluded,Somewhat adds to me feeling excluded,Somewhat adds to me feeling excluded,Somewhat adds to me feeling excluded,Does not add to my feeling excluded,,,No,,,No,,,No,,,No,,,"Mathematics,A department outside the College of Science and Engineering",,,,No,,,13,No,"Mostly, but not totally",,I feel I only have options in academia,I would prefer more information on job opportunities,20,White,,Female,,No,"Asexual,Homosexual: gay or lesbian",,No,No,No,No,"Significant anxiety or depression,A mental health condition,ADHD,An information processing or learning disability",,No,
20,Neither agree nor disagree,Neither agree nor disagree,Neither agree nor disagree,Somewhat agree,Somewhat agree,Somewhat agree,Somewhat agree,Somewhat agree,,Somewhat welcome,Adds somewhat to my feeling included,Adds somewhat to my feeling included,Adds somewhat to my feeling included,Adds somewhat to my feeling included,Adds somewhat to my feeling included,Does not add to my feeling included,,Does not add to my feeling excluded,Does not add to my feeling excluded,Does not add to my feeling excluded,Does not add to my feeling excluded,Does not add to my feeling excluded,Does not add to my feeling excluded,,No,,,No,,,No,,,No,,,Civil & Environmental Engineering,No,I’m more passionate about a different subject,,,,,,,,,,,,Asian,,Male,,No,Heterosexual/Straight,,No,No,No,"Significant financially insecurity, where money is a significant stress for me",None of the above,,No,
21,Neither agree nor disagree,Strongly agree,Somewhat agree,Somewhat disagree,Somewhat agree,Strongly agree,Somewhat agree,Strongly disagree,,Neither welcome nor excluded,Does not add to my feeling included,Adds a lot to my feeling included,Adds a lot to my feeling included,Does not add to my feeling included,Adds a lot to my feeling included,Does not add to my feeling included,,Somewhat adds to me feeling excluded,Adds a lot to my feeling excluded,Does not add to my feeling excluded,Does not add to my feeling excluded,Does not add to my feeling excluded,Does not add to my feeling excluded,,No,,,Rarely,Rarely,"It happens in every department, woman in stem are treated poorly here.",No,,,Rarely,Rarely,"Again, woman in all areas of the stem departments here at this University experience sexism from faculty and students. It’s a problem that has yet to be fixed by people overly qualified to understand the subject manner.",Computer Science,I have considered only minoring in math,I’m more passionate about a different subject,,,,,,,,,,,21,Native Hawaiian or Other Pacific Islander,,Male,,No,Bisexual,,No,No,No,"Significant financially insecurity, where money is a significant stress for me,Food insecurity or hunger","A mental health condition,ADHD",,,
22,Strongly agree,Somewhat agree,Somewhat agree,Strongly agree,Strongly agree,Strongly agree,Strongly agree,Somewhat agree,"N/a, the math department on campus is very inclusive. However, I think it may make it better if there were study groups for upper level pre-req math classes like Multivariable Calculus, Linear Algebra or Differential Equations.",Somewhat welcome,Adds a lot to my feeling included,Adds a lot to my feeling included,Adds somewhat to my feeling included,Adds a lot to my feeling included,Does not add to my feeling included,,,Adds a lot to my feeling excluded,Adds a lot to my feeling excluded,Somewhat adds to me feeling excluded,Does not add to my feeling excluded,Does not add to my feeling excluded,Does not add to my feeling excluded,,No,,,No,,,No,,,No,,,Electrical & Computer Engineering,I have considered only minoring in math,"I’m not sure what math majors do after graduation,I’m more passionate about a different subject",,,,,,,,,,,19,Asian,,Female,,No,Heterosexual/Straight,,No,No,No,Prefer not to answer,Prefer not to answer,,Prefer not to answer,
23,Strongly agree,Strongly agree,Strongly agree,Strongly agree,Strongly agree,Strongly agree,Strongly agree,Strongly agree,,Very included and welcome,Adds a lot to my feeling included,Adds a lot to my feeling included,Adds a lot to my feeling included,Adds somewhat to my feeling included,Adds somewhat to my feeling included,,,Does not add to my feeling excluded,Does not add to my feeling excluded,Does not add to my feeling excluded,Does not add to my feeling excluded,Does not add to my feeling excluded,Does not add to my feeling excluded,,No,,,No,,,No,,,No,,,Computer Science,I have considered only minoring in math,"There are more job opportunities in other majors,I’m not sure what math majors do after graduation,I’m more passionate about a different subject",,,,,,,,,,,18,"Hispanic or Latino,White",,Male,,No,Homosexual: gay or lesbian,,No,No,No,No,Significant anxiety or depression,,No,
24,Strongly agree,Somewhat agree,Strongly agree,Neither agree nor disagree,Somewhat agree,Somewhat agree,Strongly agree,Strongly agree,,Neither welcome nor excluded,Adds somewhat to my feeling included,Does not add to my feeling included,Adds somewhat to my feeling included,Adds somewhat to my feeling included,Adds somewhat to my feeling included,,,Somewhat adds to me feeling excluded,,Somewhat adds to me feeling excluded,Does not add to my feeling excluded,Does not add to my feeling excluded,,,No,,,No,,,No,,,No,,,Mathematics,,,,No,,,,No,"Mostly, but not totally",,I don't feel I have many options at all,I would prefer more information about both,24,Asian,,Male,,No,Heterosexual/Straight,,No,No,No,"Significant financially insecurity, where money is a significant stress for me",None of the above,,,
25,Strongly agree,Strongly agree,Somewhat agree,Strongly agree,Strongly agree,Strongly agree,Strongly agree,Strongly agree,,Very included and welcome,Adds a lot to my feeling included,Adds a lot to my feeling included,Adds a lot to my feeling included,Does not add to my feeling included,Adds somewhat to my feeling included,,My own understanding ,Somewhat adds to me feeling excluded,Somewhat adds to me feeling excluded,Adds a lot to my feeling excluded,Does not add to my feeling excluded,Does not add to my feeling excluded,,Not involved ,Sometimes,Sometimes,I was the only girl in a past wood shop class at another institution. ,No,,,No,,,No,,,A department outside the College of Science and Engineering,No,Something not listed,"On track with business school, enjoy these courses more. ",,,,,,,,,,18,"Hispanic or Latino,Other (optionally, specify)",Greek,Female,,No,Heterosexual/Straight,,No,No,No,No,None of the above,,No,
26,Somewhat agree,Strongly agree,Strongly agree,Somewhat agree,Strongly agree,Strongly agree,Strongly agree,Strongly agree,,Very included and welcome,Adds a lot to my feeling included,Adds a lot to my feeling included,Adds a lot to my feeling included,Adds a lot to my feeling included,Adds a lot to my feeling included,,,Somewhat adds to me feeling excluded,Does not add to my feeling excluded,Does not add to my feeling excluded,Does not add to my feeling excluded,Does not add to my feeling excluded,,,No,,,No,,,No,,,No,,,Computer Science,I have considered only minoring in math,I’m more passionate about a different subject,,,,,,,,,,,20,Asian,,Male,,No,Heterosexual/Straight,,No,No,No,No,None of the above,,No,
27,Somewhat agree,Somewhat agree,Somewhat agree,Neither agree nor disagree,Somewhat agree,Somewhat agree,Somewhat agree,Strongly agree,,Somewhat welcome,Adds somewhat to my feeling included,Adds a lot to my feeling included,Adds a lot to my feeling included,Adds somewhat to my feeling included,Adds a lot to my feeling included,,,Does not add to my feeling excluded,Does not add to my feeling excluded,Does not add to my feeling excluded,Does not add to my feeling excluded,Does not add to my feeling excluded,Does not add to my feeling excluded,,No,,,No,,,No,,,No,,,Mechanical Engineering,I have considered only minoring in math,I’m more passionate about a different subject,,,,,,,,,,,21,Asian,,Male,,No,Heterosexual/Straight,,No,No,No,No,None of the above,,No,
28,Strongly agree,Strongly agree,Strongly agree,Strongly agree,Strongly agree,Strongly agree,Strongly agree,Strongly agree,,Very included and welcome,Adds a lot to my feeling included,Adds a lot to my feeling included,Adds a lot to my feeling included,Adds a lot to my feeling included,Adds a lot to my feeling included,,,Does not add to my feeling excluded,Does not add to my feeling excluded,Does not add to my feeling excluded,Does not add to my feeling excluded,Does not add to my feeling excluded,,,No,,,No,,,No,,,No,,,Undeclared major,No,I’m more passionate about a different subject,,,,,,,,,,,19,White,,Male,,No,Heterosexual/Straight,,Yes,No,No,No,None of the above,,No,
29,Somewhat agree,Strongly agree,Strongly agree,Somewhat agree,Strongly agree,Somewhat agree,Strongly agree,Strongly agree,,Very included and welcome,Adds somewhat to my feeling included,Adds a lot to my feeling included,Adds a lot to my feeling included,Does not add to my feeling included,Adds a lot to my feeling included,,,Does not add to my feeling excluded,Somewhat adds to me feeling excluded,Does not add to my feeling excluded,Somewhat adds to me feeling excluded,Does not add to my feeling excluded,,,No,,,No,,,No,,,Rarely,Rarely,,A department outside the College of Science and Engineering,No,I’m more passionate about a different subject,,,,,,,,,,,18,White,,Female,,No,Homosexual: gay or lesbian,,No,No,No,No,"Significant anxiety or depression,A mental health condition,ADHD,An information processing or learning disability",,,
30,Somewhat agree,Strongly agree,Strongly agree,Strongly agree,Strongly agree,Strongly agree,Strongly agree,Strongly agree,,Very included and welcome,Adds somewhat to my feeling included,Adds a lot to my feeling included,Adds a lot to my feeling included,Adds somewhat to my feeling included,Adds a lot to my feeling included,Adds a lot to my feeling included,,Does not add to my feeling excluded,Does not add to my feeling excluded,Adds a lot to my feeling excluded,Does not add to my feeling excluded,Adds a lot to my feeling excluded,,,No,,,No,,,No,,,No,,,A department outside the College of Science and Engineering,No,"There are more job opportunities in other majors,I’m not sure what math majors do after graduation,I’m more passionate about a different subject",,,,,,,,,,,18,Asian,,Female,,No,Heterosexual/Straight,,No,No,No,No,None of the above,,No,
31,Somewhat agree,Somewhat agree,Strongly agree,Strongly agree,Strongly agree,Strongly agree,Strongly agree,Strongly agree,,Very included and welcome,Adds somewhat to my feeling included,Adds a lot to my feeling included,Adds a lot to my feeling included,Adds somewhat to my feeling included,Adds somewhat to my feeling included,,,Does not add to my feeling excluded,Somewhat adds to me feeling excluded,Does not add to my feeling excluded,Does not add to my feeling excluded,Does not add to my feeling excluded,,,No,,,No,,,No,,,No,,,"Mathematics,A department outside the College of Science and Engineering",,,,No,,,4,Yes,"Yes, almost entirely",,I feel I have good options in industry and academia,I would prefer more information about both,21,White,,Male,,No,Heterosexual/Straight,,No,No,No,No,None of the above,,Prefer not to answer,
32,Somewhat agree,Neither agree nor disagree,Somewhat agree,Somewhat agree,Somewhat agree,Somewhat agree,Neither agree nor disagree,Somewhat agree,,Somewhat welcome,Adds somewhat to my feeling included,Adds somewhat to my feeling included,Adds somewhat to my feeling included,Adds somewhat to my feeling included,Adds somewhat to my feeling included,,,Does not add to my feeling excluded,Does not add to my feeling excluded,Does not add to my feeling excluded,Does not add to my feeling excluded,Does not add to my feeling excluded,,,No,,,No,,,No,,,No,,,A department outside the College of Science and Engineering,Yes,"I haven’t thought enough about it, or I am undecided overall,I’m more passionate about a different subject",,,,,,,,,,,18,White,,Non-binary,,Yes,"I use a term not specified (optionally, specify)",queer,No,No,No,No,"Significant anxiety or depression,A mental health condition,ADHD,A chronic physical/medical condition,An information processing or learning disability",,No,
33,Strongly agree,Somewhat agree,Strongly agree,Strongly agree,Strongly agree,Strongly agree,Strongly agree,Strongly agree,,Somewhat welcome,Adds somewhat to my feeling included,Adds a lot to my feeling included,Adds a lot to my feeling included,Adds somewhat to my feeling included,Adds somewhat to my feeling included,Adds a lot to my feeling included,,Does not add to my feeling excluded,Does not add to my feeling excluded,Somewhat adds to me feeling excluded,Somewhat adds to me feeling excluded,Does not add to my feeling excluded,Adds a lot to my feeling excluded,,No,,,No,,,No,,,No,,,Undeclared major,No,I’m more passionate about a different subject,,,,,,,,,,,18,Asian,,Male,,No,Heterosexual/Straight,,Yes,No,No,No,None of the above,,,
34,Somewhat agree,Strongly agree,Strongly agree,Strongly agree,Somewhat agree,Strongly agree,Strongly agree,Strongly agree,,Very included and welcome,Adds somewhat to my feeling included,Adds a lot to my feeling included,Adds a lot to my feeling included,Does not add to my feeling included,Adds somewhat to my feeling included,,,Does not add to my feeling excluded,Somewhat adds to me feeling excluded,Does not add to my feeling excluded,Does not add to my feeling excluded,Does not add to my feeling excluded,,,No,,,No,,,No,,,No,,,Computer Science,No,"There are more job opportunities in other majors,I’m not sure what math majors do after graduation,I’m more passionate about a different subject",,,,,,,,,,,18,White,,Non-binary,,No,"I use a term not specified (optionally, specify)",Queer,No,No,No,No,"Significant anxiety or depression,A mental health condition",,No,
35,Strongly agree,Somewhat agree,Somewhat agree,Strongly agree,Strongly agree,Strongly agree,Strongly agree,Strongly agree,,Somewhat welcome,Adds a lot to my feeling included,Adds somewhat to my feeling included,Adds somewhat to my feeling included,Does not add to my feeling included,Adds somewhat to my feeling included,,,Does not add to my feeling excluded,Does not add to my feeling excluded,Somewhat adds to me feeling excluded,Somewhat adds to me feeling excluded,Does not add to my feeling excluded,,,Rarely,Rarely,There are some rare occasions when I feel excluded from group activity or that my contributions aren't acknowledged.,No,,,No,,,No,,,Chemistry,No,"I’m more passionate about a different subject,I have a greater sense of community in my major department",,,,,,,,,,,19,Black or African American,,Female,,No,Bisexual,,Yes,No,No,No,None of the above,,No,
36,Somewhat agree,Somewhat agree,Somewhat disagree,Neither agree nor disagree,Somewhat agree,Strongly agree,Strongly agree,Somewhat agree,,Somewhat welcome,Does not add to my feeling included,Adds a lot to my feeling included,Adds a lot to my feeling included,Adds somewhat to my feeling included,Does not add to my feeling included,,,Somewhat adds to me feeling excluded,Adds a lot to my feeling excluded,Does not add to my feeling excluded,Does not add to my feeling excluded,Does not add to my feeling excluded,,,No,,,No,,,No,,,No,,,Computer Science,No,"The courses are too hard,There are more job opportunities in other majors",,,,,,,,,,,21,White,,Female,,No,Heterosexual/Straight,,No,No,No,No,Significant anxiety or depression,,No,
37,Somewhat agree,Somewhat agree,Somewhat agree,Somewhat agree,Somewhat agree,Somewhat agree,Somewhat agree,Somewhat agree,,Somewhat welcome,Adds somewhat to my feeling included,Adds somewhat to my feeling included,Adds somewhat to my feeling included,Adds somewhat to my feeling included,Adds somewhat to my feeling included,Adds somewhat to my feeling included,,Somewhat adds to me feeling excluded,Somewhat adds to me feeling excluded,Somewhat adds to me feeling excluded,Somewhat adds to me feeling excluded,Somewhat adds to me feeling excluded,Somewhat adds to me feeling excluded,,No,,,No,,,No,,,No,,,Mathematics,,,,No,,,3,No,"Yes, almost entirely",,I feel I have good options in industry and academia,I would prefer more information on job opportunities,21,White,,Male,,No,Heterosexual/Straight,,No,No,No,No,None of the above,,No,
38,Neither agree nor disagree,Strongly agree,Strongly agree,Somewhat agree,Somewhat agree,Strongly agree,Strongly agree,Strongly agree,,Somewhat welcome,Adds a lot to my feeling included,Adds a lot to my feeling included,Adds a lot to my feeling included,Adds a lot to my feeling included,Adds somewhat to my feeling included,,,Does not add to my feeling excluded,Does not add to my feeling excluded,Does not add to my feeling excluded,Does not add to my feeling excluded,Does not add to my feeling excluded,,,No,,,No,,,No,,,No,,,A department outside the College of Science and Engineering,No,I’m more passionate about a different subject,,,,,,,,,,,18,Native Hawaiian or Other Pacific Islander,,Female,,No,Bisexual,,Yes,No,No,No,None of the above,,Prefer not to answer,
39,Strongly agree,Strongly agree,Strongly agree,Somewhat agree,Somewhat agree,Strongly agree,Strongly agree,Strongly agree,,Somewhat welcome,Adds somewhat to my feeling included,Adds a lot to my feeling included,Adds a lot to my feeling included,Adds somewhat to my feeling included,Adds somewhat to my feeling included,,,Does not add to my feeling excluded,Somewhat adds to me feeling excluded,Somewhat adds to me feeling excluded,Does not add to my feeling excluded,Does not add to my feeling excluded,Does not add to my feeling excluded,,No,,,No,,,No,,,No,,,Mathematics,,,,No,,,0,No,"Yes, almost entirely",,I don't know,I would prefer more information about both,18,White,,Female,,No,Bisexual,,No,No,No,No,"Significant anxiety or depression,A mental health condition",,No,
40,Strongly agree,Somewhat agree,Strongly agree,Somewhat agree,Strongly agree,Strongly agree,Strongly agree,Strongly agree,,Very included and welcome,Adds a lot to my feeling included,Adds a lot to my feeling included,Adds a lot to my feeling included,Does not add to my feeling included,Adds a lot to my feeling included,,,Does not add to my feeling excluded,Does not add to my feeling excluded,Somewhat adds to me feeling excluded,Does not add to my feeling excluded,Does not add to my feeling excluded,,,No,,,No,,,No,,,No,,,Mathematics,,,,No,,,2,No,"Yes, almost entirely",,I feel I have good options in industry and academia,Yes,27,"Asian,White",,Male,,No,Heterosexual/Straight,,No,Yes,No,No,A mental health condition,,No,
41,Strongly agree,Somewhat agree,Somewhat agree,Somewhat agree,Strongly agree,Somewhat agree,Somewhat agree,Strongly agree,,Very included and welcome,Adds a lot to my feeling included,Adds a lot to my feeling included,Adds a lot to my feeling included,Adds somewhat to my feeling included,Adds somewhat to my feeling included,,,Does not add to my feeling excluded,Does not add to my feeling excluded,Does not add to my feeling excluded,Does not add to my feeling excluded,Does not add to my feeling excluded,,,No,,,No,,,No,,,No,,,Computer Science,I have considered only minoring in math,I’m more passionate about a different subject,,,,,,,,,,,18,Asian,,Male,,No,Heterosexual/Straight,,No,No,No,No,None of the above,,No,
42,Strongly agree,Strongly agree,Somewhat agree,Somewhat agree,Somewhat agree,Somewhat agree,Somewhat disagree,Neither agree nor disagree,,Very included and welcome,Adds a lot to my feeling included,Adds a lot to my feeling included,Adds somewhat to my feeling included,Does not add to my feeling included,Adds somewhat to my feeling included,,,Does not add to my feeling excluded,Somewhat adds to me feeling excluded,Does not add to my feeling excluded,Does not add to my feeling excluded,Does not add to my feeling excluded,,,No,,,Sometimes,Sometimes,Someone struggling to advocate for themselves or somebody who over-advocates may be written off ,No,,,Sometimes,Sometimes,,Civil & Environmental Engineering,No,"There are more job opportunities in other majors,I’m not sure what math majors do after graduation,I’m more passionate about a different subject",,,,,,,,,,,18,White,,Female,,No,Bisexual,,No,No,No,No,"Significant anxiety or depression,A mental health condition",,No,
43,Strongly agree,Strongly agree,Strongly agree,Strongly agree,Somewhat agree,Strongly agree,Strongly agree,Strongly agree,,Somewhat welcome,Adds a lot to my feeling included,Adds a lot to my feeling included,Adds a lot to my feeling included,Adds a lot to my feeling included,Adds a lot to my feeling included,,,Somewhat adds to me feeling excluded,Does not add to my feeling excluded,Somewhat adds to me feeling excluded,Does not add to my feeling excluded,Does not add to my feeling excluded,,,No,,,No,,,No,,,No,,,A department outside the College of Science and Engineering,Yes,Something not listed,"I was hoping to dual degree and my advisor told me this wasn't possible, which I later found out wasn't true, so its too late for me to dual degree within four years",,,,,,,,,,21,White,,Female,,No,Heterosexual/Straight,,No,No,No,No,Significant anxiety or depression,,No,
44,Somewhat agree,Strongly agree,Strongly agree,Somewhat agree,Somewhat agree,Strongly agree,Strongly agree,Strongly agree,,Somewhat welcome,Adds a lot to my feeling included,Adds a lot to my feeling included,Adds somewhat to my feeling included,Does not add to my feeling included,Adds somewhat to my feeling included,,,Does not add to my feeling excluded,Somewhat adds to me feeling excluded,Somewhat adds to me feeling excluded,Does not add to my feeling excluded,Does not add to my feeling excluded,,,No,,,No,,,No,,,No,,,Computer Science,I have considered only minoring in math,"I haven’t thought enough about it, or I am undecided overall,I’m more passionate about a different subject",,,,,,,,,,,19,Asian,,Male,,No,Heterosexual/Straight,,No,No,No,Prefer not to answer,Prefer not to answer,,Prefer not to answer,
45,Strongly agree,Somewhat agree,Neither agree nor disagree,Somewhat agree,Strongly agree,Somewhat agree,Strongly agree,Strongly agree,,Somewhat welcome,Adds somewhat to my feeling included,Adds a lot to my feeling included,Adds a lot to my feeling included,Adds somewhat to my feeling included,Adds a lot to my feeling included,,,Does not add to my feeling excluded,Does not add to my feeling excluded,Somewhat adds to me feeling excluded,Does not add to my feeling excluded,Somewhat adds to me feeling excluded,,,Sometimes,Sometimes,Some of the masculine-presenting students either ignore me or seem like they do not value my contributions. ,No,,,No,,,No,,,Physics,No,"I haven’t thought enough about it, or I am undecided overall,I’m not sure what math majors do after graduation",,,,,,,,,,,19,White,,Non-binary,,Prefer not to answer,"I use a term not specified (optionally, specify)",queer,No,No,No,No,A chronic physical/medical condition,,No,
46,Strongly agree,Somewhat agree,Strongly agree,Strongly agree,Strongly agree,Strongly agree,Strongly agree,Strongly agree,,Very included and welcome,Adds a lot to my feeling included,Adds a lot to my feeling included,Adds a lot to my feeling included,Adds a lot to my feeling included,Adds a lot to my feeling included,Adds a lot to my feeling included,,Somewhat adds to me feeling excluded,Does not add to my feeling excluded,Does not add to my feeling excluded,Does not add to my feeling excluded,Does not add to my feeling excluded,Does not add to my feeling excluded,,No,,,No,,,No,,,No,,,Undeclared major,No,The courses are too hard,,,,,,,,,,,17,Hispanic or Latino,,Female,,No,Bisexual,,No,Yes,No,No,Significant anxiety or depression,,No,
47,Strongly agree,Strongly agree,Somewhat agree,Strongly agree,Strongly agree,Strongly agree,Strongly agree,Strongly agree,,Somewhat welcome,Adds a lot to my feeling included,Adds somewhat to my feeling included,Adds somewhat to my feeling included,Does not add to my feeling included,Adds somewhat to my feeling included,,,Does not add to my feeling excluded,Does not add to my feeling excluded,Adds a lot to my feeling excluded,Does not add to my feeling excluded,Does not add to my feeling excluded,,,No,,,No,,,No,,,No,,,Undeclared major,No,I’m more passionate about a different subject,,,,,,,,,,,18,"American Indian or Alaska Native,Hispanic or Latino,White",,Female,,No,Bisexual,,No,No,No,No,Significant anxiety or depression,,Prefer not to answer,
48,Strongly agree,Somewhat agree,Somewhat agree,Strongly agree,Strongly agree,Strongly agree,Strongly agree,Strongly agree,,Somewhat welcome,Adds a lot to my feeling included,Adds a lot to my feeling included,Adds a lot to my feeling included,Adds somewhat to my feeling included,Adds a lot to my feeling included,Does not add to my feeling included,,Somewhat adds to me feeling excluded,Somewhat adds to me feeling excluded,Somewhat adds to me feeling excluded,Does not add to my feeling excluded,Does not add to my feeling excluded,Does not add to my feeling excluded,,No,,,No,,,No,,,No,,,Electrical & Computer Engineering,I have considered only minoring in math,"I haven’t thought enough about it, or I am undecided overall",,,,,,,,,,,,Asian,,Male,,No,Heterosexual/Straight,,No,No,No,No,A chronic physical/medical condition,,No,
49,Somewhat agree,Somewhat agree,Somewhat agree,Somewhat agree,Somewhat agree,Somewhat agree,Somewhat agree,Somewhat agree,,Somewhat welcome,Adds somewhat to my feeling included,Adds a lot to my feeling included,Adds somewhat to my feeling included,Does not add to my feeling included,Does not add to my feeling included,,,Does not add to my feeling excluded,Somewhat adds to me feeling excluded,Does not add to my feeling excluded,Does not add to my feeling excluded,Somewhat adds to me feeling excluded,Does not add to my feeling excluded,,No,,,No,,,No,,,No,,,A department outside the College of Science and Engineering,I have considered only minoring in math,I’m more passionate about a different subject,,,,,,,,,,,21,White,,Non-binary,,No,Prefer not to answer,,No,No,No,No,,,No,
50,Strongly agree,Somewhat agree,Strongly agree,Somewhat agree,Somewhat agree,Strongly agree,Strongly agree,Strongly agree,,Very included and welcome,Adds somewhat to my feeling included,Adds a lot to my feeling included,Adds a lot to my feeling included,Adds somewhat to my feeling included,Adds a lot to my feeling included,Does not add to my feeling included,,Does not add to my feeling excluded,Somewhat adds to me feeling excluded,Does not add to my feeling excluded,Does not add to my feeling excluded,Does not add to my feeling excluded,Does not add to my feeling excluded,,No,,,No,,,No,,,No,,,A department outside the College of Science and Engineering,I have considered only minoring in math,I’m more passionate about a different subject,,,,,,,,,,,,"Hispanic or Latino,White",,Female,,No,Prefer not to answer,,Yes,No,No,No,"Significant anxiety or depression,A mental health condition",,No,
51,Strongly agree,Strongly agree,Strongly agree,Strongly agree,Strongly agree,Strongly agree,Strongly agree,Somewhat agree,,Very included and welcome,Adds a lot to my feeling included,Adds a lot to my feeling included,Adds a lot to my feeling included,Adds a lot to my feeling included,Adds a lot to my feeling included,,,Does not add to my feeling excluded,Does not add to my feeling excluded,Does not add to my feeling excluded,Does not add to my feeling excluded,Does not add to my feeling excluded,,,No,,,No,,,No,,,No,,,Mathematics,,,,No,,,6,No,"Yes, almost entirely",,I feel I have good options in industry and academia,Yes,18,White,,Male,,Yes,Bisexual,,No,No,No,No,"Significant anxiety or depression,ADHD",,No,
52,Neither agree nor disagree,Strongly agree,Strongly agree,Somewhat agree,Somewhat agree,Strongly agree,Strongly agree,Strongly agree,,Somewhat welcome,Adds somewhat to my feeling included,Adds a lot to my feeling included,Adds a lot to my feeling included,Does not add to my feeling included,Adds somewhat to my feeling included,,,Does not add to my feeling excluded,Somewhat adds to me feeling excluded,Does not add to my feeling excluded,Does not add to my feeling excluded,Does not add to my feeling excluded,,,No,,,No,,,No,,,No,,,Computer Science,I have considered only minoring in math,"There are more job opportunities in other majors,I’m more passionate about a different subject",,,,,,,,,,,19,Asian,,Male,,No,Heterosexual/Straight,,No,No,No,No,None of the above,,No,
53,Strongly agree,Strongly agree,Somewhat agree,Strongly agree,Strongly agree,Strongly agree,Strongly agree,Strongly agree,,Very included and welcome,Adds a lot to my feeling included,Adds a lot to my feeling included,Adds a lot to my feeling included,Adds a lot to my feeling included,Adds a lot to my feeling included,,,Does not add to my feeling excluded,Does not add to my feeling excluded,Does not add to my feeling excluded,Does not add to my feeling excluded,Does not add to my feeling excluded,,,No,,,No,,,No,,,No,,,Chemistry,I have considered only minoring in math,"The courses are too hard,I’m more passionate about a different subject",,,,,,,,,,,19,White,,Male,,No,Heterosexual/Straight,,No,No,No,No,None of the above,,No,
54,Neither agree nor disagree,Neither agree nor disagree,Somewhat disagree,Somewhat disagree,Somewhat disagree,Neither agree nor disagree,Neither agree nor disagree,Neither agree nor disagree,,Neither welcome nor excluded,Does not add to my feeling included,Does not add to my feeling included,Does not add to my feeling included,Does not add to my feeling included,Does not add to my feeling included,Does not add to my feeling included,,Does not add to my feeling excluded,Does not add to my feeling excluded,Does not add to my feeling excluded,Does not add to my feeling excluded,Does not add to my feeling excluded,,,No,,,No,,,No,,,No,,,Computer Science,No,I’m more passionate about a different subject,,,,,,,,,,,19,Asian,,Male,,No,Heterosexual/Straight,,No,No,No,"Significant financially insecurity, where money is a significant stress for me","Significant anxiety or depression,A mental health condition",,,
55,Strongly agree,Strongly agree,Strongly agree,Strongly agree,Strongly agree,Strongly agree,Somewhat agree,Strongly agree,,Very included and welcome,Adds a lot to my feeling included,Adds a lot to my feeling included,Adds somewhat to my feeling included,Adds somewhat to my feeling included,Adds a lot to my feeling included,Adds a lot to my feeling included,My teacher ,Somewhat adds to me feeling excluded,Adds a lot to my feeling excluded,Adds a lot to my feeling excluded,Somewhat adds to me feeling excluded,Somewhat adds to me feeling excluded,Does not add to my feeling excluded,,,,,,,,No,,,,,,Mathematics,,,,No,,,0,No,"Mostly, but not totally",,I feel I only have options in industry,Yes,18,Asian,,Male,,No,Heterosexual/Straight,,No,No,No,"Significant financially insecurity, where money is a significant stress for me",None of the above,,No,
56,Strongly agree,Somewhat agree,Somewhat agree,Somewhat agree,Strongly agree,Strongly agree,Strongly agree,Strongly agree,,Somewhat welcome,Adds somewhat to my feeling included,Adds a lot to my feeling included,Adds a lot to my feeling included,Adds somewhat to my feeling included,Adds somewhat to my feeling included,Does not add to my feeling included,,Somewhat adds to me feeling excluded,Somewhat adds to me feeling excluded,Somewhat adds to me feeling excluded,Somewhat adds to me feeling excluded,Somewhat adds to me feeling excluded,Does not add to my feeling excluded,,No,,,No,,,No,,,No,,,Biology,I have considered only minoring in math,I’m more passionate about a different subject,,,,,,,,,,,21,White,,Non-binary,,No,Bisexual,,No,No,No,No,"Significant anxiety or depression,A mental health condition,ADHD",,No,
57,Strongly agree,Strongly agree,Strongly agree,Strongly agree,Strongly agree,Strongly agree,Strongly agree,Strongly agree,,Very included and welcome,Adds a lot to my feeling included,Adds a lot to my feeling included,Adds a lot to my feeling included,Adds a lot to my feeling included,Adds a lot to my feeling included,,,Does not add to my feeling excluded,Does not add to my feeling excluded,Does not add to my feeling excluded,Does not add to my feeling excluded,Does not add to my feeling excluded,,,No,,,No,,,No,,,No,,,Civil & Environmental Engineering,Yes,I’m more passionate about a different subject,,,,,,,,,,,20,"Hispanic or Latino,Middle Eastern,White",,Female,,No,Heterosexual/Straight,,No,No,No,No,None of the above,,No,
58,Neither agree nor disagree,Strongly agree,Somewhat agree,Somewhat agree,Somewhat agree,Somewhat agree,Somewhat agree,Somewhat agree,,Neither welcome nor excluded,Adds somewhat to my feeling included,Adds a lot to my feeling included,Adds somewhat to my feeling included,Adds somewhat to my feeling included,Adds somewhat to my feeling included,,,Somewhat adds to me feeling excluded,Adds a lot to my feeling excluded,Somewhat adds to me feeling excluded,Adds a lot to my feeling excluded,Somewhat adds to me feeling excluded,,,No,,,No,,,No,,,No,,,Civil & Environmental Engineering,I have considered only minoring in math,"There are more job opportunities in other majors,I’m not sure what math majors do after graduation",,,,,,,,,,,18,Asian,,Female,,No,Bisexual,,No,No,No,No,None of the above,,No,
59,Strongly agree,Strongly agree,Strongly agree,Strongly agree,Strongly agree,Strongly agree,Strongly agree,Strongly agree,,Very included and welcome,Adds a lot to my feeling included,Adds a lot to my feeling included,Adds a lot to my feeling included,Adds a lot to my feeling included,Adds a lot to my feeling included,,,Does not add to my feeling excluded,Does not add to my feeling excluded,Does not add to my feeling excluded,Does not add to my feeling excluded,Does not add to my feeling excluded,,,No,,,No,,,No,,,No,,,Civil & Environmental Engineering,I have considered only minoring in math,I’m more passionate about a different subject,,,,,,,,,,,18,"Asian,American Indian or Alaska Native,Native Hawaiian or Other Pacific Islander,White",,Non-binary,,Yes,Homosexual: gay or lesbian,,No,No,No,"Significant financially insecurity, where money is a significant stress for me","Significant anxiety or depression,A mental health condition",,Prefer not to answer,
60,Strongly agree,Strongly agree,Strongly agree,Strongly agree,Somewhat agree,Strongly agree,Strongly agree,Strongly agree,,Very included and welcome,Adds a lot to my feeling included,Adds a lot to my feeling included,Adds a lot to my feeling included,Adds somewhat to my feeling included,Adds a lot to my feeling included,,,Does not add to my feeling excluded,Does not add to my feeling excluded,Does not add to my feeling excluded,Does not add to my feeling excluded,Does not add to my feeling excluded,Does not add to my feeling excluded,,No,,,No,,,,,,No,,,Undeclared major,Yes,"I haven’t thought enough about it, or I am undecided overall",,,,,,,,,,,18,Asian,,Female,,No,Heterosexual/Straight,,No,No,No,No,None of the above,,No,
61,Strongly agree,Strongly agree,Somewhat agree,Strongly agree,Strongly agree,Strongly agree,Strongly agree,Strongly agree,,Very included and welcome,Adds a lot to my feeling included,Adds a lot to my feeling included,Adds somewhat to my feeling included,Does not add to my feeling included,Does not add to my feeling included,Does not add to my feeling included,,Does not add to my feeling excluded,Does not add to my feeling excluded,Does not add to my feeling excluded,Does not add to my feeling excluded,Does not add to my feeling excluded,Does not add to my feeling excluded,,No,,,No,,,No,,,No,,,Electrical & Computer Engineering,No,I’m more passionate about a different subject,,,,,,,,,,,19,Asian,,Male,,No,Heterosexual/Straight,,No,No,No,No,None of the above,,No,
62,Strongly agree,Somewhat agree,Somewhat agree,Strongly agree,Strongly agree,Strongly agree,Strongly agree,Somewhat agree,,Neither welcome nor excluded,Adds a lot to my feeling included,Adds a lot to my feeling included,Adds a lot to my feeling included,Adds a lot to my feeling included,Adds a lot to my feeling included,,,,,,,,,,No,,,No,,,No,,,No,,,Computer Science,No,I’m more passionate about a different subject,,,,,,,,,,,18,"Asian,White",,Female,,No,Heterosexual/Straight,,No,No,No,No,None of the above,,No,
63,Somewhat disagree,Strongly agree,Neither agree nor disagree,Somewhat disagree,Strongly disagree,Neither agree nor disagree,Strongly agree,Strongly agree,Teacher cares to much about precision and how an equation is written and not if the answer is correct. Students aren't competitive or collaborative at all.,Somewhat welcome,Does not add to my feeling included,Adds somewhat to my feeling included,Adds somewhat to my feeling included,Does not add to my feeling included,Adds a lot to my feeling included,,,Does not add to my feeling excluded,Does not add to my feeling excluded,Does not add to my feeling excluded,Does not add to my feeling excluded,Does not add to my feeling excluded,,,No,,,No,,,No,,,No,,,Computer Science,No,I’m more passionate about a different subject,,,,,,,,,,,18,Middle Eastern,,Male,,No,Heterosexual/Straight,,Yes,No,No,No,None of the above,,No,
64,Strongly agree,Somewhat agree,Somewhat agree,Strongly agree,Strongly agree,Strongly agree,Strongly agree,Strongly agree,,Very included and welcome,Adds a lot to my feeling included,Adds a lot to my feeling included,Adds somewhat to my feeling included,Adds somewhat to my feeling included,Adds somewhat to my feeling included,Does not add to my feeling included,,Somewhat adds to me feeling excluded,Does not add to my feeling excluded,Does not add to my feeling excluded,Does not add to my feeling excluded,Does not add to my feeling excluded,Does not add to my feeling excluded,,,,,No,,,No,,,No,,,Computer Science,I have considered only minoring in math,I’m more passionate about a different subject,,,,,,,,,,,,White,,Male,,No,Heterosexual/Straight,,No,No,No,"Significant financially insecurity, where money is a significant stress for me",Prefer not to answer,,No,
65,Strongly agree,Neither agree nor disagree,Strongly agree,Somewhat agree,Strongly agree,Somewhat agree,Strongly agree,Strongly agree,,Somewhat welcome,Adds a lot to my feeling included,Adds a lot to my feeling included,Adds somewhat to my feeling included,Does not add to my feeling included,Adds somewhat to my feeling included,,,Somewhat adds to me feeling excluded,Does not add to my feeling excluded,Does not add to my feeling excluded,Does not add to my feeling excluded,Does not add to my feeling excluded,,,No,,,No,,,No,,,No,,,Mathematics,,,,No,,,5,No,"Mostly, but not totally",,I don't know,I would prefer more information on job opportunities,,White,,Male,,No,Heterosexual/Straight,,No,Prefer not to answer,No,No,None of the above,,Prefer not to answer,
66,Somewhat agree,Strongly agree,Strongly agree,Neither agree nor disagree,Somewhat disagree,Strongly agree,Somewhat agree,Strongly agree,,Somewhat welcome,Adds somewhat to my feeling included,Adds somewhat to my feeling included,Adds somewhat to my feeling included,Does not add to my feeling included,Adds somewhat to my feeling included,,,Somewhat adds to me feeling excluded,Somewhat adds to me feeling excluded,Does not add to my feeling excluded,Does not add to my feeling excluded,Does not add to my feeling excluded,,,No,,,No,,,No,,,No,,,Chemistry,I have considered only minoring in math,I’m more passionate about a different subject,,,,,,,,,,,18,White,,Female,,No,Prefer not to answer,,No,No,No,No,None of the above,,No,
67,Somewhat agree,Neither agree nor disagree,Somewhat disagree,Strongly disagree,Neither agree nor disagree,Somewhat disagree,Somewhat agree,Somewhat agree,,Somewhat welcome,Adds a lot to my feeling included,Adds a lot to my feeling included,Adds a lot to my feeling included,Adds somewhat to my feeling included,Adds somewhat to my feeling included,,,Somewhat adds to me feeling excluded,Adds a lot to my feeling excluded,Adds a lot to my feeling excluded,Does not add to my feeling excluded,Does not add to my feeling excluded,,,No,,,No,,,No,,,No,,,Mechanical Engineering,I have considered only minoring in math,There are more job opportunities in other majors,,,,,,,,,,,,"Asian,Native Hawaiian or Other Pacific Islander,Hispanic or Latino,White",,Female,,No,Heterosexual/Straight,,No,No,No,No,None of the above,,No,
68,Strongly disagree,Somewhat agree,Strongly agree,Somewhat disagree,Neither agree nor disagree,Somewhat agree,Strongly agree,Strongly disagree,,Very included and welcome,Adds a lot to my feeling included,Adds a lot to my feeling included,Adds somewhat to my feeling included,Adds a lot to my feeling included,Adds somewhat to my feeling included,,,Adds a lot to my feeling excluded,Adds a lot to my feeling excluded,Adds a lot to my feeling excluded,Adds a lot to my feeling excluded,Adds a lot to my feeling excluded,,,No,,,No,,,No,,,No,,,A department outside the College of Science and Engineering,No,I’m more passionate about a different subject,,,,,,,,,,,18,"Black or African American,Prefer not to answer",,Female,,No,"I use a term not specified (optionally, specify)",,No,No,No,"Significant financially insecurity, where money is a significant stress for me,Housing insecurity or homelessness,Food insecurity or hunger","Significant anxiety or depression,A mental health condition,ADHD,An information processing or learning disability",,Prefer not to answer,
69,Somewhat agree,Strongly agree,Somewhat agree,Somewhat agree,Strongly agree,Strongly agree,Neither agree nor disagree,Strongly agree,,Somewhat welcome,Adds somewhat to my feeling included,Does not add to my feeling included,Does not add to my feeling included,Adds somewhat to my feeling included,Adds somewhat to my feeling included,,,Does not add to my feeling excluded,Does not add to my feeling excluded,Does not add to my feeling excluded,Does not add to my feeling excluded,Does not add to my feeling excluded,,,No,,,No,,,No,,,No,,,A department outside the College of Science and Engineering,No,I’m more passionate about a different subject,,,,,,,,,,,18,White,,Female,,No,Prefer not to answer,,No,No,No,No,None of the above,,No,
70,Strongly agree,Somewhat agree,Strongly agree,Strongly agree,Strongly agree,Somewhat agree,Strongly agree,Strongly agree,,Very included and welcome,Adds somewhat to my feeling included,Adds a lot to my feeling included,Adds a lot to my feeling included,Does not add to my feeling included,Adds a lot to my feeling included,,,Adds a lot to my feeling excluded,Does not add to my feeling excluded,Adds a lot to my feeling excluded,Somewhat adds to me feeling excluded,Somewhat adds to me feeling excluded,,,No,,,Rarely,Rarely,,No,,,No,,,A department outside the College of Science and Engineering,No,I’m more passionate about a different subject,,,,,,,,,,,18,"Black or African American,White",,Female,,No,Bisexual,,No,No,No,No,"Significant anxiety or depression,A mental health condition,ADHD",,,
71,Strongly agree,Strongly agree,Strongly agree,Strongly agree,Strongly agree,Strongly agree,Somewhat agree,Strongly agree,,Very included and welcome,Adds a lot to my feeling included,Adds a lot to my feeling included,Adds a lot to my feeling included,Does not add to my feeling included,Adds a lot to my feeling included,Adds a lot to my feeling included,resources like office hours,Does not add to my feeling excluded,Somewhat adds to me feeling excluded,Does not add to my feeling excluded,Does not add to my feeling excluded,Does not add to my feeling excluded,,,No,,,No,,,No,,,No,,,A department outside the College of Science and Engineering,No,The courses are too hard,,,,,,,,,,,18,Hispanic or Latino,,Female,,No,Heterosexual/Straight,,No,No,No,"Significant financially insecurity, where money is a significant stress for me,Housing insecurity or homelessness",A mental health condition,,No,
72,Neither agree nor disagree,Somewhat agree,Strongly agree,Somewhat agree,Strongly agree,Neither agree nor disagree,Strongly agree,Strongly disagree,,Neither welcome nor excluded,Does not add to my feeling included,Does not add to my feeling included,Does not add to my feeling included,Does not add to my feeling included,Does not add to my feeling included,,,Somewhat adds to me feeling excluded,Adds a lot to my feeling excluded,Adds a lot to my feeling excluded,Adds a lot to my feeling excluded,Somewhat adds to me feeling excluded,,,No,,,No,,,No,,,No,,,A department outside the College of Science and Engineering,No,"I’m more passionate about a different subject,I have a greater sense of community in my major department",,,,,,,,,,,,Hispanic or Latino,,Female,,No,Bisexual,,No,No,No,"Significant financially insecurity, where money is a significant stress for me","Significant anxiety or depression,ADHD",,No,
73,Somewhat agree,Neither agree nor disagree,Somewhat agree,Strongly agree,Strongly agree,Neither agree nor disagree,Strongly agree,Strongly agree,"I just want to add a compliment to the dept. faculty: I've had a lot of health problems interfere with my schooling during my time at SU and teachers have had an incredible degree of patience and understanding while still holding me to the same academic standard as the other students in terms of the quality of my work. That's a really difficult balance to strike when working with a student with a developmental disability. I'm not given grades I don't deserve (I've done poorly when it was fair for me to do so), but I am given tons of opportunities to demonstrate my abilities despite those setbacks and I think that's a credit to this department's ability to work with students on an individual level.",Neither welcome nor excluded,Adds a lot to my feeling included,Adds somewhat to my feeling included,Adds a lot to my feeling included,Does not add to my feeling included,Adds a lot to my feeling included,,,Somewhat adds to me feeling excluded,Adds a lot to my feeling excluded,Does not add to my feeling excluded,Does not add to my feeling excluded,Does not add to my feeling excluded,Does not add to my feeling excluded,,No,,,No,,,No,,,No,,,Mathematics,,,,No,,,10,Yes,"Mostly, but not totally",,It's not something I have thought about,I would prefer more information on job opportunities,24,White,,Female,,No,Bisexual,,No,No,No,No,"Significant anxiety or depression,A mental health condition,ADHD,An information processing or learning disability,Other (optionally, specify)",Autism,"Yes (optionally, specify)",Only if Jewish students are underrepresented (don't know if they are here)
74,Strongly agree,Strongly agree,Strongly agree,Strongly agree,Strongly agree,Strongly agree,Strongly agree,Strongly agree,,Very included and welcome,Adds a lot to my feeling included,Adds a lot to my feeling included,Adds somewhat to my feeling included,Does not add to my feeling included,Adds a lot to my feeling included,Does not add to my feeling included,,Does not add to my feeling excluded,Adds a lot to my feeling excluded,Does not add to my feeling excluded,Does not add to my feeling excluded,Does not add to my feeling excluded,Does not add to my feeling excluded,,No,,,No,,,No,,,No,,,A department outside the College of Science and Engineering,No,"The courses are too hard,I’m not sure what math majors do after graduation,I’m more passionate about a different subject",,,,,,,,,,,25,Hispanic or Latino,,Female,,No,Heterosexual/Straight,,No,Yes,No,"Significant financially insecurity, where money is a significant stress for me","Significant anxiety or depression,A mental health condition",,Prefer not to answer,
75,Strongly agree,Neither agree nor disagree,Neither agree nor disagree,Strongly agree,Strongly agree,Strongly agree,Strongly agree,Strongly agree,,Somewhat welcome,Adds somewhat to my feeling included,Adds a lot to my feeling included,Adds somewhat to my feeling included,Does not add to my feeling included,Adds somewhat to my feeling included,Does not add to my feeling included,,Somewhat adds to me feeling excluded,Does not add to my feeling excluded,Does not add to my feeling excluded,Somewhat adds to me feeling excluded,Does not add to my feeling excluded,Does not add to my feeling excluded,,No,,,No,,,No,,,No,,,A department outside the College of Science and Engineering,No,I’m more passionate about a different subject,,,,,,,,,,,20,Black or African American,,Female,,No,"I use a term not specified (optionally, specify)",,No,No,No,"Significant financially insecurity, where money is a significant stress for me",None of the above,,No,
76,Strongly agree,Strongly agree,Strongly agree,Strongly agree,Strongly agree,Strongly agree,Strongly agree,Strongly agree,,Somewhat welcome,,,,,,,,,,,,,,,No,,,No,,,No,,,No,,,Undeclared major,No,"I haven’t thought enough about it, or I am undecided overall",,,,,,,,,,,19,White,,Male,,No,Asexual,,Yes,No,No,No,None of the above,,No,
77,Strongly agree,Strongly agree,Strongly agree,Somewhat agree,Strongly agree,Strongly agree,Somewhat agree,Strongly agree,,Very included and welcome,Adds a lot to my feeling included,Adds a lot to my feeling included,Adds a lot to my feeling included,Does not add to my feeling included,Adds somewhat to my feeling included,,,Does not add to my feeling excluded,Does not add to my feeling excluded,Somewhat adds to me feeling excluded,Does not add to my feeling excluded,Does not add to my feeling excluded,,,No,,,No,,,No,,,No,,,Civil & Environmental Engineering,I have considered only minoring in math,"I haven’t thought enough about it, or I am undecided overall,There are more job opportunities in other majors,I’m not sure what math majors do after graduation,I’m more passionate about a different subject",,,,,,,,,,,19,"Asian,White",,Male,,No,Heterosexual/Straight,,No,No,No,No,"A mental health condition,ADHD",,No,
78,Strongly agree,Strongly agree,Strongly agree,Strongly agree,Strongly agree,Strongly agree,Strongly agree,Strongly agree,,Somewhat welcome,Adds a lot to my feeling included,Adds a lot to my feeling included,Adds a lot to my feeling included,Adds a lot to my feeling included,Adds a lot to my feeling included,Adds a lot to my feeling included,,Does not add to my feeling excluded,Does not add to my feeling excluded,Does not add to my feeling excluded,Does not add to my feeling excluded,Does not add to my feeling excluded,Does not add to my feeling excluded,,No,,,No,,,No,,,No,,,Undeclared major,No,"I haven’t thought enough about it, or I am undecided overall",,,,,,,,,,,18,Asian,,Female,,No,Heterosexual/Straight,,No,No,No,No,,,No,
79,Somewhat disagree,Somewhat disagree,Neither agree nor disagree,Somewhat disagree,Strongly disagree,Neither agree nor disagree,Neither agree nor disagree,Somewhat disagree,,Somewhat excluded,Does not add to my feeling included,Does not add to my feeling included,Does not add to my feeling included,Does not add to my feeling included,Does not add to my feeling included,Does not add to my feeling included,,Adds a lot to my feeling excluded,Adds a lot to my feeling excluded,Adds a lot to my feeling excluded,Adds a lot to my feeling excluded,Does not add to my feeling excluded,Adds a lot to my feeling excluded,,No,,,No,,,No,,,No,,,Undeclared major,No,The courses are too hard,,,,,,,,,,,18,"Black or African American,Asian",,Female,,No,Heterosexual/Straight,,No,No,No,"Significant financially insecurity, where money is a significant stress for me","Significant anxiety or depression,A mental health condition,ADHD",,Prefer not to answer,
81,Neither agree nor disagree,Neither agree nor disagree,Neither agree nor disagree,Neither agree nor disagree,Somewhat agree,Somewhat agree,Strongly agree,Somewhat agree,,Somewhat welcome,Adds somewhat to my feeling included,Adds somewhat to my feeling included,Adds somewhat to my feeling included,Adds somewhat to my feeling included,Adds somewhat to my feeling included,Adds somewhat to my feeling included,,Somewhat adds to me feeling excluded,Somewhat adds to me feeling excluded,Somewhat adds to me feeling excluded,Somewhat adds to me feeling excluded,Somewhat adds to me feeling excluded,Somewhat adds to me feeling excluded,,No,,,No,,,No,,,No,,,Undeclared major,No,I’m more passionate about a different subject,,,,,,,,,,,18,Hispanic or Latino,,Male,,No,Heterosexual/Straight,,No,No,No,No,None of the above,,No,
82,Somewhat agree,Somewhat agree,Strongly agree,Neither agree nor disagree,Neither agree nor disagree,Strongly agree,Strongly agree,Strongly agree,"I think there's not too much collaboration when it comes to group work, but because the assignment is straightforward it's not too big of an issue",Somewhat welcome,Adds somewhat to my feeling included,Adds a lot to my feeling included,Adds a lot to my feeling included,Adds somewhat to my feeling included,Adds somewhat to my feeling included,Does not add to my feeling included,,Adds a lot to my feeling excluded,Somewhat adds to me feeling excluded,Does not add to my feeling excluded,Does not add to my feeling excluded,Does not add to my feeling excluded,Does not add to my feeling excluded,,No,,,No,,,No,,,No,,,Computer Science,No,I’m more passionate about a different subject,,,,,,,,,,,18,Asian,,Female,,No,Asexual,,No,No,No,No,"A mental health condition,ADHD",,No,
83,Somewhat agree,Strongly agree,Somewhat agree,Neither agree nor disagree,Somewhat agree,Strongly agree,Somewhat agree,Somewhat agree,,Somewhat welcome,Adds somewhat to my feeling included,Adds a lot to my feeling included,Adds somewhat to my feeling included,Adds somewhat to my feeling included,Does not add to my feeling included,,,,Does not add to my feeling excluded,Does not add to my feeling excluded,,,,,No,,,No,,,No,,,No,,,Computer Science,No,I’m more passionate about a different subject,,,,,,,,,,,19,White,,Male,,Yes,Bisexual,,No,No,No,No,"Significant anxiety or depression,ADHD",,No,
84,Strongly agree,Somewhat agree,Somewhat agree,Somewhat agree,Strongly agree,Somewhat agree,Strongly agree,Strongly agree,,Very included and welcome,Adds a lot to my feeling included,Adds a lot to my feeling included,Adds a lot to my feeling included,Adds somewhat to my feeling included,Adds a lot to my feeling included,,,Does not add to my feeling excluded,Somewhat adds to me feeling excluded,Adds a lot to my feeling excluded,Somewhat adds to me feeling excluded,Adds a lot to my feeling excluded,,,No,,,No,,,No,,,No,,,Computer Science,No,"The courses are too hard,I’m more passionate about a different subject",,,,,,,,,,,19,Asian,,Female,,No,Asexual,,No,No,No,No,"Significant anxiety or depression,ADHD,An information processing or learning disability",,,
85,Strongly agree,Strongly agree,Strongly agree,Strongly agree,Strongly agree,Strongly agree,Strongly agree,Strongly agree,,Very included and welcome,Adds somewhat to my feeling included,Adds a lot to my feeling included,Adds a lot to my feeling included,Adds somewhat to my feeling included,Adds somewhat to my feeling included,Adds somewhat to my feeling included,,Does not add to my feeling excluded,Does not add to my feeling excluded,Does not add to my feeling excluded,Somewhat adds to me feeling excluded,Does not add to my feeling excluded,Does not add to my feeling excluded,,No,,,No,,,No,,,No,,,Electrical & Computer Engineering,No,I’m more passionate about a different subject,,,,,,,,,,,17,Asian,,Female,,No,Heterosexual/Straight,,Yes,No,No,No,None of the above,,No,
86,Somewhat agree,Strongly agree,Strongly agree,Somewhat agree,Somewhat agree,Strongly agree,Strongly agree,Strongly agree,,Very included and welcome,Adds somewhat to my feeling included,Adds a lot to my feeling included,Adds a lot to my feeling included,Adds somewhat to my feeling included,Does not add to my feeling included,,,Does not add to my feeling excluded,Somewhat adds to me feeling excluded,Does not add to my feeling excluded,Does not add to my feeling excluded,Does not add to my feeling excluded,,,No,,,No,,,No,,,No,,,Computer Science,No,I’m more passionate about a different subject,,,,,,,,,,,18,White,,Male,,No,Heterosexual/Straight,,No,No,No,No,"Significant anxiety or depression,ADHD",,No,
87,Somewhat agree,Somewhat agree,Somewhat disagree,Somewhat agree,Neither agree nor disagree,Somewhat agree,Neither agree nor disagree,Somewhat disagree,I just feel like the class went so fast that I couldn't catch enough detail and it hurt my grade in the end. The climate of the class wasn't exactly somewhere that I would like to ask the questions that I have. This is probably because a lot of the other students have already taken a calculus class and are having a much easier time.,Somewhat excluded,Adds somewhat to my feeling included,Adds somewhat to my feeling included,Does not add to my feeling included,Adds a lot to my feeling included,Adds somewhat to my feeling included,Adds a lot to my feeling included,classmates that are also struggling make me feel more included,Adds a lot to my feeling excluded,Does not add to my feeling excluded,Adds a lot to my feeling excluded,Does not add to my feeling excluded,Does not add to my feeling excluded,Adds a lot to my feeling excluded,Needing to take more time on math makes me feel excluded,No,,,No,,,No,,,No,,,Undeclared major,No,"The courses are too hard,Something not listed",It simply does not spark my interest.,,,,,,,,,,,White,,Male,,No,Asexual,,No,No,No,No,Significant anxiety or depression,,No,
88,Strongly agree,Somewhat agree,Strongly agree,Somewhat agree,Strongly agree,Strongly agree,Strongly agree,Strongly agree,,Very included and welcome,Adds somewhat to my feeling included,Adds somewhat to my feeling included,Adds somewhat to my feeling included,Adds somewhat to my feeling included,Adds somewhat to my feeling included,,,Does not add to my feeling excluded,Does not add to my feeling excluded,Does not add to my feeling excluded,Does not add to my feeling excluded,Somewhat adds to me feeling excluded,,,,,I mean to say no ,No,,,No,,,No,,,Civil & Environmental Engineering,No,I’m more passionate about a different subject,,,,,,,,,,,18,Hispanic or Latino,,Male,,No,Heterosexual/Straight,,No,No,No,No,None of the above,,No,
89,Neither agree nor disagree,Somewhat disagree,Somewhat disagree,Somewhat disagree,Neither agree nor disagree,Neither agree nor disagree,Somewhat agree,Neither agree nor disagree,"For commuters like me, the night time in-person study sessions are too inconvenient for me. I would appreciate it if there were more online sessions and/or in-person sessions in the afternoon possibly.",Somewhat excluded,Adds somewhat to my feeling included,Does not add to my feeling included,Does not add to my feeling included,Does not add to my feeling included,Does not add to my feeling included,,,Adds a lot to my feeling excluded,Adds a lot to my feeling excluded,Somewhat adds to me feeling excluded,Does not add to my feeling excluded,Does not add to my feeling excluded,,,No,,,No,,,No,,,No,,,Computer Science,No,"The courses are too hard,I’m more passionate about a different subject",,,,,,,,,,,,Asian,,Male,,No,Heterosexual/Straight,,No,No,No,No,Prefer not to answer,,No,
90,Somewhat agree,Somewhat agree,Strongly agree,Somewhat agree,Somewhat agree,Somewhat agree,Strongly agree,Somewhat agree,,Very included and welcome,Adds somewhat to my feeling included,Adds a lot to my feeling included,Adds a lot to my feeling included,Adds somewhat to my feeling included,Adds somewhat to my feeling included,,,Does not add to my feeling excluded,Somewhat adds to me feeling excluded,Somewhat adds to me feeling excluded,Does not add to my feeling excluded,Does not add to my feeling excluded,,,No,,,No,,,No,,,No,,,Computer Science,Yes,I’m more passionate about a different subject,,,,,,,,,,,18,Asian,,Male,,No,Heterosexual/Straight,,Yes,No,No,"Significant financially insecurity, where money is a significant stress for me",None of the above,,"Yes (optionally, specify)",SASA
91,Strongly agree,Strongly agree,Strongly agree,Somewhat agree,Strongly agree,Strongly agree,Strongly agree,Strongly agree,,Neither welcome nor excluded,Does not add to my feeling included,Does not add to my feeling included,Does not add to my feeling included,Does not add to my feeling included,Does not add to my feeling included,Does not add to my feeling included,,Does not add to my feeling excluded,Does not add to my feeling excluded,Does not add to my feeling excluded,Does not add to my feeling excluded,Does not add to my feeling excluded,Does not add to my feeling excluded,,No,,,No,,,No,,,No,,,Civil & Environmental Engineering,No,I’m more passionate about a different subject,,,,,,,,,,,19,Prefer not to answer,,Male,,No,Heterosexual/Straight,,No,No,No,Prefer not to answer,Prefer not to answer,,Prefer not to answer,
92,Somewhat agree,Somewhat disagree,Strongly disagree,Neither agree nor disagree,Strongly disagree,Somewhat agree,Somewhat agree,Somewhat agree,,Somewhat welcome,Does not add to my feeling included,Does not add to my feeling included,Does not add to my feeling included,Does not add to my feeling included,Does not add to my feeling included,,,Somewhat adds to me feeling excluded,Does not add to my feeling excluded,Does not add to my feeling excluded,Does not add to my feeling excluded,Does not add to my feeling excluded,,,No,,,No,,,No,,,No,,,Civil & Environmental Engineering,No,"The courses are too hard,I’m more passionate about a different subject",,,,,,,,,,,32,White,,Male,,No,Heterosexual/Straight,,No,Yes,Yes,No,A mental health condition,,No,
93,Strongly agree,Strongly agree,Strongly agree,Strongly agree,Strongly agree,Strongly agree,Strongly agree,Strongly agree,,Very included and welcome,Adds a lot to my feeling included,Adds a lot to my feeling included,Adds a lot to my feeling included,Does not add to my feeling included,Adds a lot to my feeling included,,,Somewhat adds to me feeling excluded,Somewhat adds to me feeling excluded,Does not add to my feeling excluded,Does not add to my feeling excluded,Does not add to my feeling excluded,Does not add to my feeling excluded,,No,,,No,,,No,,,No,,,Computer Science,I have considered only minoring in math,"There are more job opportunities in other majors,I’m more passionate about a different subject",,,,,,,,,,,20,Asian,,Female,,No,Bisexual,,No,No,No,No,Significant anxiety or depression,,"Yes (optionally, specify)",
94,Strongly agree,Strongly agree,Strongly agree,Somewhat agree,Strongly agree,Strongly agree,Strongly agree,Strongly agree,,Very included and welcome,Adds somewhat to my feeling included,Adds a lot to my feeling included,Adds a lot to my feeling included,Does not add to my feeling included,Adds somewhat to my feeling included,,,Does not add to my feeling excluded,Does not add to my feeling excluded,Does not add to my feeling excluded,Does not add to my feeling excluded,Does not add to my feeling excluded,,,No,,,No,,,No,,,No,,,Physics,Yes,I’m more passionate about a different subject,,,,,,,,,,,19,White,,Male,,No,Heterosexual/Straight,,Yes,No,No,No,None of the above,,No,
95,Strongly disagree,Strongly disagree,Strongly disagree,Strongly disagree,Strongly disagree,Strongly disagree,Strongly disagree,Strongly disagree,,Very included and welcome,Adds a lot to my feeling included,Adds a lot to my feeling included,Adds a lot to my feeling included,Adds somewhat to my feeling included,Adds a lot to my feeling included,Adds a lot to my feeling included,group work,Somewhat adds to me feeling excluded,Somewhat adds to me feeling excluded,Does not add to my feeling excluded,Does not add to my feeling excluded,Does not add to my feeling excluded,Adds a lot to my feeling excluded,not understanding some content,No,,,No,,,No,,,No,,,Mechanical Engineering,Yes,"There are more job opportunities in other majors,I’m not sure what math majors do after graduation,I’m more passionate about a different subject",,,,,,,,,,,18,Asian,,Male,,No,Heterosexual/Straight,,No,No,No,No,"Significant anxiety or depression,ADHD",,No,
96,Somewhat agree,Strongly agree,Somewhat agree,Somewhat agree,Strongly agree,Strongly agree,Strongly agree,Strongly agree,,Very included and welcome,Adds a lot to my feeling included,Adds a lot to my feeling included,Adds a lot to my feeling included,Adds somewhat to my feeling included,Adds a lot to my feeling included,Adds a lot to my feeling included,,Somewhat adds to me feeling excluded,Somewhat adds to me feeling excluded,Somewhat adds to me feeling excluded,Somewhat adds to me feeling excluded,Somewhat adds to me feeling excluded,Somewhat adds to me feeling excluded,,No,,,No,,,No,,,No,,,Electrical & Computer Engineering,I have considered only minoring in math,There are more job opportunities in other majors,,,,,,,,,,,19,Hispanic or Latino,,Male,,No,Heterosexual/Straight,,No,No,No,No,None of the above,,No,
97,Neither agree nor disagree,Strongly agree,Somewhat agree,Somewhat agree,Strongly agree,Somewhat agree,Strongly agree,Strongly agree,,Somewhat welcome,Adds somewhat to my feeling included,Adds somewhat to my feeling included,Adds somewhat to my feeling included,Does not add to my feeling included,Does not add to my feeling included,,,Somewhat adds to me feeling excluded,Somewhat adds to me feeling excluded,Does not add to my feeling excluded,Does not add to my feeling excluded,Does not add to my feeling excluded,,,No,,,No,,,No,,,No,,,Computer Science,I have considered only minoring in math,"There are more job opportunities in other majors,I’m more passionate about a different subject",,,,,,,,,,,19,Asian,,Female,,No,Heterosexual/Straight,,No,No,No,No,None of the above,,No,
98,Strongly agree,Somewhat agree,Somewhat agree,Strongly agree,Strongly agree,Somewhat agree,Strongly agree,Strongly agree,,Somewhat welcome,Adds a lot to my feeling included,Adds somewhat to my feeling included,Adds somewhat to my feeling included,Adds somewhat to my feeling included,Adds somewhat to my feeling included,,,Does not add to my feeling excluded,Somewhat adds to me feeling excluded,Does not add to my feeling excluded,Does not add to my feeling excluded,Somewhat adds to me feeling excluded,,,Rarely,Rarely,,Rarely,Rarely,,No,,,Sometimes,Sometimes,,Computer Science,Yes,Something not listed,"If I'm going into cs, I could get a double major in math, just still think if I would.",,,,,,,,,,18,Asian,,Male,,No,Heterosexual/Straight,,No,No,No,No,Significant anxiety or depression,,No,
99,Strongly agree,Strongly agree,Strongly agree,Somewhat agree,Strongly agree,Strongly agree,Strongly agree,Strongly agree,,Very included and welcome,Adds a lot to my feeling included,Adds a lot to my feeling included,Adds a lot to my feeling included,Adds somewhat to my feeling included,Does not add to my feeling included,,,Does not add to my feeling excluded,Does not add to my feeling excluded,Does not add to my feeling excluded,Does not add to my feeling excluded,Does not add to my feeling excluded,,,No,,,No,,,No,,,No,,,Civil & Environmental Engineering,No,"I haven’t thought enough about it, or I am undecided overall",,,,,,,,,,,18,"Asian,White",,Female,,No,Heterosexual/Straight,,No,No,No,No,Prefer not to answer,,No,
100,,Somewhat agree,Strongly agree,Strongly agree,Strongly agree,Strongly agree,Strongly agree,Strongly agree,,Somewhat welcome,Adds a lot to my feeling included,Adds a lot to my feeling included,Adds a lot to my feeling included,Adds somewhat to my feeling included,Adds a lot to my feeling included,,,,,,,,,,No,,,No,,,No,,,No,,,Computer Science,I have considered only minoring in math,I’m not sure what math majors do after graduation,,,,,,,,,,,18,Hispanic or Latino,,Female,,No,Bisexual,,No,No,No,Prefer not to answer,Significant anxiety or depression,,Prefer not to answer,
101,Somewhat agree,Somewhat agree,Somewhat agree,Neither agree nor disagree,Somewhat agree,Strongly agree,Strongly agree,Somewhat agree,,Very included and welcome,Adds somewhat to my feeling included,Adds a lot to my feeling included,Adds a lot to my feeling included,Adds a lot to my feeling included,Adds a lot to my feeling included,,,Does not add to my feeling excluded,Does not add to my feeling excluded,Somewhat adds to me feeling excluded,Does not add to my feeling excluded,Does not add to my feeling excluded,,,No,,,No,,,No,,,No,,,Mathematics,,,,Yes,My interests have changed,,6,Yes,"Mostly, but not totally",,I feel I only have options in academia,I would prefer more information about both,22,"Hispanic or Latino,White",,Female,,No,Prefer not to answer,,No,No,No,No,Prefer not to answer,,Prefer not to answer,
102,Somewhat agree,Strongly agree,Strongly agree,Somewhat agree,Somewhat agree,Strongly agree,Strongly agree,Strongly agree,,Somewhat welcome,Adds somewhat to my feeling included,Adds somewhat to my feeling included,Adds somewhat to my feeling included,Adds somewhat to my feeling included,Adds somewhat to my feeling included,,,Somewhat adds to me feeling excluded,Somewhat adds to me feeling excluded,Somewhat adds to me feeling excluded,Somewhat adds to me feeling excluded,Does not add to my feeling excluded,,,No,,,No,,,No,,,No,,,Computer Science,I have considered only minoring in math,I’m more passionate about a different subject,,,,,,,,,,,18,Black or African American,,Male,,No,Heterosexual/Straight,,Yes,No,No,"Significant financially insecurity, where money is a significant stress for me",,,No,
103,Strongly agree,Strongly agree,Strongly agree,Somewhat agree,Strongly agree,Strongly agree,Strongly agree,Strongly agree,,Very included and welcome,Adds a lot to my feeling included,Adds a lot to my feeling included,Adds a lot to my feeling included,Adds somewhat to my feeling included,Adds a lot to my feeling included,Adds a lot to my feeling included,When the professors are open to just chat about math or life in general. ,Does not add to my feeling excluded,Adds a lot to my feeling excluded,Somewhat adds to me feeling excluded,Does not add to my feeling excluded,Does not add to my feeling excluded,,,Rarely,Rarely,I feel more comfortable describing it in person rather than through a survey.,No,,,No,,,No,,,"Computer Science,Mathematics",,,,Yes,Coursework not challenging enough,,2,No,"No, not enough (If no, please specify what you would change)",Bimonthly student/faculty lyceums.,I feel I have good options in industry and academia,I would prefer more information about both,19,Prefer not to answer,,Male,,No,Heterosexual/Straight,,No,No,Prefer not to answer,Prefer not to answer,"Significant anxiety or depression,A mental health condition,ADHD",,Prefer not to answer,
104,Neither agree nor disagree,Somewhat agree,Somewhat agree,Strongly agree,Strongly agree,Somewhat agree,Strongly agree,Strongly agree,,Neither welcome nor excluded,Adds a lot to my feeling included,Adds a lot to my feeling included,Adds somewhat to my feeling included,Does not add to my feeling included,Adds somewhat to my feeling included,,,Adds a lot to my feeling excluded,Somewhat adds to me feeling excluded,Does not add to my feeling excluded,Does not add to my feeling excluded,Does not add to my feeling excluded,,,No,,,No,,,No,,,No,,,"Mechanical Engineering,Pre-Engineering, Pre-Science, Pre-Health",No,"The courses are too hard,There are more job opportunities in other majors,I’m more passionate about a different subject",,,,,,,,,,,18,Asian,,Female,,No,Heterosexual/Straight,,No,No,No,No,None of the above,,No,
105,Strongly agree,Strongly agree,Strongly agree,Somewhat agree,Strongly agree,Somewhat agree,Strongly agree,Strongly agree,,Very included and welcome,Adds a lot to my feeling included,Adds a lot to my feeling included,Adds a lot to my feeling included,Does not add to my feeling included,Adds a lot to my feeling included,,,Does not add to my feeling excluded,Does not add to my feeling excluded,Does not add to my feeling excluded,Does not add to my feeling excluded,Does not add to my feeling excluded,,,No,,,No,,,No,,,No,,,Mathematics,,,,No,,,2,No,"Yes, almost entirely",,I feel I have good options in industry and academia,Yes,28,"Asian,White",,Male,,No,Heterosexual/Straight,,No,Yes,No,No,A mental health condition,,No,
